{"metrics/recall":0.09604566222229222,"class/rider/recall":0,"model/flops_gflops":0,"class/traffic light/ap50_95":0,"class/truck/precision":0,"metrics/mAP@0.5:0.95":0.05820132833188162,"metrics/mAP@0.5":0.10295418081494369,"class/truck/ap50":0,"class/traffic sign/ap50":0.032097519909060325,"class/traffic light/precision":1,"class/truck/recall":0,"class/car/ap50":0.5856275649806019,"class/rider/precision":0,"_timestamp":1.763682813672981e+09,"class/truck/ap50_95":0,"class/car/ap50_95":0.3359320041400258,"class/traffic sign/precision":0.058573405559441426,"_step":6,"class/traffic sign/ap50_95":0.013275965851263949,"class/car/recall":0.5383429388509947,"class/traffic light/ap50":0,"class/rider/ap50_95":0,"class/traffic sign/recall":0.03793103448275862,"class/bus/ap50":0,"performance/total_time_seconds":47.38283109664917,"performance/avg_inference_time_ms":473.8283109664917,"performance/fps":2.1104690810058377,"class/bus/precision":0,"_wandb":{"runtime":47},"_runtime":47,"class/car/precision":0.653503301251831,"metrics/precision":0.28534611780187874,"class/rider/ap50":0,"model/size_mb":14.674522399902344,"model/parameters_millions":7.318368,"class/bus/ap50_95":0,"class/traffic light/recall":0,"class/bus/recall":0,"metrics/fitness":0.05820132833188162,"performance/images_processed":100}