{"metrics/fitness":0.05758846762304603,"class/rider/precision":0,"class/car/recall":0.5067961165048543,"_step":6,"class/traffic sign/ap50":0.02527918080585719,"class/bus/ap50":0,"model/size_mb":15.851400375366211,"class/traffic light/ap50_95":0,"class/rider/ap50":0.011637777777777778,"class/traffic sign/recall":0.03206236752839896,"performance/fps":1.894009850386189,"class/bus/precision":1,"class/bus/recall":0,"class/traffic light/precision":0,"metrics/recall":0.08980974733887555,"metrics/mAP@0.5:0.95":0.05758846762304603,"class/bus/ap50_95":0,"class/truck/ap50_95":0,"model/flops_gflops":0,"performance/avg_inference_time_ms":527.9803586006165,"class/car/ap50_95":0.33385220317539593,"metrics/mAP@0.5":0.10157136684283895,"class/car/precision":0.653492435719101,"_runtime":52,"class/truck/recall":0,"metrics/precision":0.2859603882175608,"class/traffic sign/ap50_95":0.010514824785102465,"class/rider/recall":0,"class/truck/ap50":0,"class/rider/ap50_95":0.001163777777777778,"class/truck/precision":0,"_wandb":{"runtime":52},"class/traffic light/recall":0,"performance/images_processed":100,"class/traffic sign/precision":0.062269893586263884,"model/parameters_millions":8.128272,"_timestamp":1.763683668299253e+09,"performance/total_time_seconds":52.798035860061646,"class/car/ap50":0.5725112424733987,"class/traffic light/ap50":0}