{"performance/images_processed":100,"class/car/ap50_95":0.3714659025653799,"class/traffic light/ap50_95":0,"class/traffic sign/ap50":0.03433497078125167,"class/traffic sign/recall":0.034482758620689655,"class/car/precision":0.6517558881989768,"class/rider/ap50":0.012986596104154244,"class/truck/ap50_95":0.001008148837827952,"class/rider/recall":0,"class/traffic sign/precision":0.05306483743929075,"metrics/mAP@0.5":0.11409808367653594,"_runtime":56,"model/size_mb":49.720520973205566,"class/bus/recall":0,"_step":6,"_timestamp":1.7636830856316092e+09,"metrics/fitness":0.06493489661446926,"performance/total_time_seconds":56.74580693244934,"class/bus/ap50_95":0,"model/flops_gflops":0,"class/truck/recall":0,"performance/avg_inference_time_ms":567.4580693244934,"class/car/ap50":0.6347465630792398,"class/rider/precision":0,"class/car/recall":0.5951456310679611,"class/truck/ap50":0.0025203720945698796,"metrics/precision":0.2841367876063779,"class/traffic light/ap50":0,"class/bus/ap50":0,"class/traffic light/precision":1,"metrics/recall":0.10493806494810846,"class/bus/precision":0,"class/traffic sign/ap50_95":0.014255001261146996,"performance/fps":1.7622447438106008,"_wandb":{"runtime":56},"class/truck/precision":0,"class/traffic light/recall":0,"metrics/mAP@0.5:0.95":0.06493489661446926,"class/rider/ap50_95":0.0028803270224607436,"model/parameters_millions":25.90264}