{"fps":3.069825078396911,"_step":0,"_wandb":{"runtime":32},"_timestamp":1.763681392232351e+09,"mAP@0.5":0.09050749408991056,"fitness":0.04845974837818028,"images_processed":100,"_runtime":32,"avg_inference_time_ms":325.75145959854126,"precision":0.10902486558406256,"total_time":32.575145959854126,"mAP@0.5:0.95":0.04845974837818028,"recall":0.08614779879538163}